ゲーム名,カテゴリ,説明文（ここを編集してください）,Amazon URL,プレイ人数,軽さ/重さ
Splendorデュエル,ボードゲーム,2人専用のスプレンダー。宝石トークンを集めてカードを取得し、複数の勝利条件を争う宝石商対決。,https://www.amazon.co.jp/dp/B0BLZ7H4H1,2人,軽量級
GIN CRAFTERS,ボードゲーム,クラフトジンの蒸留家となり、素材収集・レシピ開発・ブランディングで最高の職人を目指す対戦ゲーム。,,1〜4人,中量級
PROJECT L,ボードゲーム,アクリル製ポリオミノのピースをパズルにはめ込み、完成させて新しいピースを獲得するテトリス風ゲーム。,,1〜4人,軽量級
チャオチャオ..！,ボードゲーム,サイコロを振り、出目を嘘ついて橋を渡るコマを進めるブラフゲーム。バレると脱落するスリル満点の作品。,,2〜4人,軽量級
ダイスタック,ボードゲーム,カードの指示に従ってサイコロを崩さずに積み上げるバランス系アクションゲーム。全員が最後まで参加できる。,,2〜4人,軽量級
お憑かれ！おばけちゃん,ボードゲーム,手札を出し切りつつ「酔いメーター」を9にギリギリ近づけて勝つチキンレース型カードゲーム。10超えると脱落。,,2〜4人,軽量級
PANDEMIC,ボードゲーム,全員で協力して世界に蔓延する感染症を制圧する協力ゲームの定番作品。役割分担と計画性が鍵。,https://www.amazon.co.jp/dp/B09NMWY23V,2〜4人,中量級
ギャンブラー×ギャンブル,ボードゲーム,カジノを潰すギャンブラーとして手札を出し合い、合計数字が当たり目と一致すれば報酬を得る読み合いゲーム。,,3〜4人,軽量級
七つの予言,ボードゲーム,各トリックで自分が何位になるかを事前に「予言」し、予言通りに進めることで得点するビット系トリックテイキング。,,3〜4人,軽量級
フリーライドUSA,ボードゲーム,1950年代のアメリカを舞台に線路を敷いて旅客を運ぶ鉄道ゲーム。他者の路線を使うと国営化される独自ルール。,,1〜5人,中量級
ナナ,ボードゲーム,他プレイヤーの手札を記憶し、同じ数字3枚のセットを先に集める記憶型セット収集ゲーム。,,2〜5人,軽量級
ラブレター,ボードゲーム,わずか16枚のカードで行う手札管理と推理のゲーム。最後まで手札に残った最高位のカードを持つ人が勝利。,,2〜5人,軽量級
あいうえバトル,ボードゲーム,お題の頭文字でワードを宣言しながら手札を出し切ることを目指すワード系カードゲーム。,,2〜5人,軽量級
もっとホイップを！,ボードゲーム,ケーキを切り分けながら「取るか取らないか」のジレンマを楽しむ分配型パーティーゲーム。,,2〜5人,軽量級
エクストリームミッション,ボードゲーム,エージェントとして手札の色・数字の組み合わせでミッションをクリアしていく対戦型手札管理カードゲーム。,,2〜5人,軽量級
焼肉焼いても店焼くな,ボードゲーム,火力を調整しながら肉を焼くタイミングを読み合う同時選択型ゲーム。過熱して店が焼けると強制終了。,,2〜5人,軽量級
グミトリック,ボードゲーム,色ごとに勝敗を決める独自ルールのマストフォロー型トリックテイキング。伏せ札の使い時が勝敗の鍵。,,2〜5人,軽量級
グリッズルド,ボードゲーム,第一次大戦の塹壕を生き抜く協力ゲーム。手札を見せられない制限下でチームワークが問われる難度高め作品。,,2〜5人,軽量級
ザ・クルー第９惑星の探索,ボードゲーム,宇宙飛行士として50のミッションをこなす協力型トリックテイキング。会話制限の中でチームワークを発揮する。,,2〜5人,軽量級
社長は定時で帰る,ボードゲーム,手札の役職カードを出し合い、出世争いをしながら社長になって定時退社を目指すパーティーカードゲーム。,,3〜5人,軽量級
なかぬきパラダイス,ボードゲーム,欲張り過ぎた（数字が最大の）プレイヤーだけペナルティを受けるジレンマゲーム。,,3〜5人,軽量級
Ill-Illan,ボードゲーム,自分のカードが見えない状態で他者が「要る/要らない」を宣言するブラフゲーム。同数字2枚でダメージ。,,3〜5人,軽量級
マスカレイドトリックパーティー,ボードゲーム,役職カードの勝利条件を隠しながら行うトリックテイキングゲーム。正体隠匿要素が加わった個性派作品。,,3〜5人,軽量級
金魚の商人,ボードゲーム,大富豪をベースに「市場」との両替システムを加えた手札管理ゲーム。いち早く手札を出し切った人が勝利。,,2〜6人,軽量級
カイト,ボードゲーム,砂時計が落ちきる前にカードを出して特定の砂時計をひっくり返す、リアルタイム協力ゲーム。わずか10分の緊張感。,,2〜6人,軽量級
ナナトリドリ,ボードゲーム,手札の並び替え禁止という独特ルールを持つ大富豪系カードゲーム。「ネクスト大富豪」とも呼ばれる作品。,,2〜6人,軽量級
ハゲタカのえじき,ボードゲーム,全員が手持ちの数字カードを同時に出してポイントカードを競り合う同時選択型の心理戦ゲームの名作。,,2〜6人,軽量級
5本のキュウリ,ボードゲーム,最後のトリックを取ってしまうと「キュウリ」をもらい、5本集めたら脱落する変則トリックテイキング。,,2〜6人,軽量級
ペンギンパーティー,ボードゲーム,色カードをピラミッド状に積み上げながら手持ちカードを出し切ることを目指す軽量カードゲーム。,,2〜6人,軽量級
バッティング,ボードゲーム,宝石タイルを全員で同時に指差し、自分だけが選んだタイルを獲得できる同時選択型の読み合いゲーム。,,2〜6人,軽量級
オバケパレード,ボードゲーム,カードをめくってオバケを他者に押し付けながら最後まで生き残るチキンレース型カードゲーム。,,2〜6人,軽量級
生ハムメロンゲーム,ボードゲーム,同じ素材のカードを組み合わせて強化し、いち早く「生ハムメロン」などの料理を完成させるセット収集ゲーム。,,2〜6人,軽量級
オトスナー,ボードゲーム,ウェイターとなってお盆カードを指先で支え、商品コマを落とさずに最も長く耐えることを目指すバランスゲーム。,,2〜6人,軽量級
SLIDE,ボードゲーム,4×4グリッドにカードを「スライド」して同数字を隣接させ消すことで、最も低いスコアを目指す抽象ゲーム。,,2〜6人,軽量級
SKULL,ボードゲーム,花またはドクロを裏向きに置いてビッドし、自分の宣言数枚をめくってドクロを避けられれば得点するブラフゲーム。,,3〜6人,軽量級
スコットランドヤード,ボードゲーム,1人がミスターXとしてロンドン中を逃げ回り、残りが探偵として協力して追い詰める非対称追跡ゲームの名作。,,3〜6人,軽量級
ワードポーターズ,ボードゲーム,限られたヒントカードを早い者勝ちで使い、自分のお題を相手に伝える連想クイズ系パーティーゲーム。,,3〜6人,軽量級
ことばのクローバー！,ボードゲーム,4枚のキーワードを1つのヒントワードでつなぎ、他プレイヤーがキーワードを当てる協力型連想ワードゲーム（So Clover!）。,,3〜6人,軽量級
ゾン噛まPARTY,ボードゲーム,手札を揃えてカードを伏せる椅子取りゲーム式パーティーゲーム。最後に残った1人が負けの超高速ゲーム。,,3〜6人,軽量級
英雄になろう！,ボードゲーム,ダイスロールとクエスト達成でポイントを競うファンタジーテーマのパーティーカードゲーム。,,3〜6人,軽量級
ディクシット：ディズニーエディション,ボードゲーム,ディズニーアートを使ったディクシット。ヒントワードを出し、自分のカードを他者に当ててもらうイマジネーションゲーム。,,3〜6人,軽量級
13 Leaves -13枚の葉-,ボードゲーム,場のカードに最小または最大の数字を出す条件を守りながら手札を出し切るゴーアウト系カードゲーム。,,3〜6人,軽量級
シレット,ボードゲーム,周囲に気づかれないよう「しれっと」特定アクションをこなすパーティーカードゲーム。超短時間で遊べる。,,3〜6人,軽量級
PRESAGES,ボードゲーム,全カードに特殊効果がつくチーム戦トリックテイキング。カード効果とチームメイトとの連携で勝利を目指す。,,4〜6人,軽量級
JUST ONE,ボードゲーム,お題に対してヒントを1語ずつ書き、重複したヒントは消えてしまう協力型ワード当てゲーム。2019年ドイツゲーム大賞受賞。,https://www.amazon.co.jp/dp/B07RZW81RS,3〜7人,軽量級
オトツナゲーター,ボードゲーム,出来事の断片の「音」を時系列でつなぎ合わせ、解答者が何のお題かを当てる協力型音表現パーティーゲーム。,,3〜7人,軽量級
コードネーム,ボードゲーム,1語のヒントで複数のコードネームを仲間に伝えるチーム対抗ワードゲーム。相手チームに先を越されないよう競争。,,2〜8人,軽量級
カタカナーシ,ボードゲーム,カタカナ語をカタカナを一切使わず説明して当ててもらうワードパーティーゲーム。制限が盛り上がりを生む。,,3〜8人,軽量級
はぁって言うゲーム,ボードゲーム,「はぁ」などの短い言葉を声と表情だけで演じ分けてシチュエーションを当て合う演技系コミュニケーションゲーム。,,4〜8人,軽量級
犯人は踊る,ボードゲーム,「犯人カード」が誰の手元にあるかを推理しながらカードを出し合う軽量カードゲーム。10分で終わる手軽さが人気。,,3〜8人,軽量級
ファンタジーランクマスター,ボードゲーム,ファンタジーのモンスターをお題に合わせてランク付けし、他プレイヤーの答えと照らし合わせるランキングゲーム。,,2〜8人,軽量級
タイムボム,ボードゲーム,爆弾解除チームとボマー団に分かれ、誰がどちらか隠したまま導線を切り合う正体隠匿ゲーム。脱落なしで全員参加。,,2〜8人,軽量級
ぼくらなかよし,ボードゲーム,ことばカードで文を作り、その文が表す「気持ち」を他プレイヤーに当ててもらう協力型言葉遊びゲーム。,,3〜8人,軽量級
ファントムインク,ボードゲーム,「霊」が文字を1文字ずつ書いてヒントを出し、チームが先に秘密ワードを当てる競争型ワード推理ゲーム。,https://www.amazon.co.jp/dp/B09XXK3N25,3〜8人,軽量級
人狼ドッチ？,ボードゲーム,2枚の役職カードのうち1枚を選んで正体を決める短時間人狼系ゲーム。5〜10分で決着する超コンパクト版人狼。,,3〜8人,軽量級
なにわのボブジテン,ボードゲーム,大阪限定のボブジテン。カタカナ語をカタカナなしで説明して当ててもらう関西テイストのワードパーティーゲーム。,,3〜8人,軽量級
エレガンツ,ボードゲーム,カードを引くだけのシンプルな行動で「お上品さ」を競うコミカル系パーティーゲーム。マナー違反を指摘し合う。,,3〜8人,軽量級
擬人化総選挙,ボードゲーム,生き物・無機物・概念などのお題に対してイメージに合うカードを投票し合うコミュニケーション系ゲーム。,,3〜8人,軽量級
YESマンをさがせ,ボードゲーム,質問に対して誰が「YES」で誰が「NO」と答えるかを予想する信頼と偏見の質問ゲーム。チキンレース形式。,,3〜8人,軽量級
"Poemo,",ボードゲーム,詩の断片カードを出し合い、協力して「一番エモいポエム」を完成させるゆる系ワードゲーム。大喜利が苦手でも遊べる。,,3〜8人,軽量級
インカの黄金,ボードゲーム,遺跡を探索しながら財宝を集める引き時判断ゲーム。5ラウンド行いリスクと報酬を天秤にかける。,,3〜8人,軽量級
インサイダーゲーム,ボードゲーム,全員でYES/NOクイズに答えながら隠れた「インサイダー」を探す2段階の推理ゲーム。15分でできる万能パーティーゲーム。,,4〜8人,軽量級
ito,ボードゲーム,各自の秘密の数字(1〜100)を共通テーマで例えながら昇順に並べる協力型コミュニケーションゲーム。,https://www.amazon.co.jp/dp/B07VG8VLL5,2〜10人,軽量級
コヨーテ,ボードゲーム,自分のカードだけ見えない状態で全員の合計数を推測してビッドし合うブラフゲーム（ライアーズダイスのカード版）。,,2〜10人,軽量級
ニムト男爵,ボードゲーム,同時にカードを出し4つの列に並べ、6枚目を置くことになったら列を全部取るペナルティゲーム（6ニムト系列作）。,,2〜10人,軽量級
レンソービンゴ,ボードゲーム,お題から連想する言葉を書き、他プレイヤーと一致した数でビンゴを狙う連想コミュニケーションゲーム。,,3〜10人,軽量級
クイズいいセン行きまSHOW!,ボードゲーム,答えのないお題に数字で回答し、全員の回答の中でちょうど中央値を目指すコミュニケーション型クイズゲーム。,,3〜10人,軽量級
ゴリラ人狼,ボードゲーム,最初は「ウホッ」だけで議論するゴリラ人狼。追放されたプレイヤーの言葉を学びながら語彙が増えていく人狼系ゲーム。,,4〜21人,軽量級
リゾート島に沈む鍵,推理ゲーム,リゾート島でのオーナーの謎の死を1〜4人で協力して解き明かす協力型推理ゲーム（卓上探偵団シリーズ）。ソロ対応。,,1〜4人,中量級
京都異世界ツアー,マダミス,修学旅行中、奇妙なお守りの力で異世界に転生してしまった高校生たち。王様の暗殺事件の犯人はこの中に！？笑いありのファンタジーマダミス。,,4人,軽量級
高速深夜便の殺人者,マダミス,深夜バスという密室で起こった殺人事件。乗客全員が容疑者という王道シチュエーションで、限られた時間の中で真犯人をあぶり出す。,,4人,軽量級
キャンプ場の殺人鬼,マダミス,山奥のキャンプ場で起きた惨劇。次々と起こる殺人事件に、プレイヤー同士の疑心暗鬼が加速するスリリングなホラーマダミス。,,4〜5人,軽量級
最期のソワレ,マダミス,舞台は19世紀のフランス。劇場の楽屋で起きた殺人事件をめぐり、華やかな演劇界の裏に潜む愛憎劇と嘘を解き明かす。,,5人,軽量級
棺呪-ヒツギノロイ-,マダミス,不気味な洋館で見つかった不可解な死体。館に伝わる「呪い」の噂と、それぞれの思惑が交差するオカルトミステリー。,,5人,軽量級
ウェンディ、大人になって,マダミス,「私が殺されてしまいました」。破壊されたAI・ウェンディがモニターから語りかける、奇妙な実験施設を舞台にしたSFサスペンス。,,5人,軽量級
優しい死神の席,マダミス,「死神」が同席する不思議な葬儀。参加者は死神から投げかけられる謎を解き、亡くなった人物の死の真相とそれぞれの秘密を解き明かす。,,6人,軽量級
マーダーミステリー：ザ・トリロジー,マダミス,1970、1980、1990年。同じ6人のキャラクターが時代をまたぐ3つの連続したシナリオを通じて連続殺人鬼の謎に挑む壮大なミステリー。,,6人,軽量級
死の館に探偵二人,マダミス,15年前の一家突然死事件の謎を解くため集められた6人。直後に管理人が殺害され、二人の探偵が真相を追う異色のミステリー。,,6人,軽量級
雪の砦に怪鳥が舞う,マダミス,近世中華風の世界が舞台。神の化身〈怪鳥〉の噂がある雪に閉ざされた砦で起きた殺人事件。皇位継承を巡る人間ドラマと謎解き。,,6人,軽量級
何度だって青い月に火を灯した,マダミス,マフィアのボスが殺害され、容疑者はファミリーの幹部たち。ハードボイルドな世界観で繰り広げられる、シリーズを代表する傑作。,,6〜7人,軽量級
最果亭の災禍,マダミス,世界の果てにある宿屋「最果亭」。人間やエルフなど様々な種族が集うファンタジー世界で起きた、不可解な殺人事件の謎を解く。,,6〜8人,軽量級
想いは満天の星に,マダミス,七夕の夜、天文部に所属する高校生たちを襲った悲劇。青春の甘酸っぱさと、それぞれが抱える隠された秘密が交差するエモーショナルな作品。,,7人,軽量級
九頭竜館の殺人,マダミス,クトゥルフ神話の要素を散りばめた館ミステリー。降霊会が行われた古館で起きる猟奇的な殺人事件。正気度を保ちながら真相に辿り着けるか。,,7〜9人,軽量級
探偵禁止領域,マダミス,探偵が禁止された世界で、連続殺人事件に挑む。個性豊かなキャラクターたちによる、スタイリッシュで謎めいた推理ミステリー。,,6人,軽量級
